spec,lags,equation,regressor,coef,se,t,p,n_obs,n_countries
S1_lag1,1,gini_disp,d_gini_disp_l1,0.6381065642228579,0.03322801175276266,19.2038743988287,0.0,3491,128
S1_lag1,1,gini_disp,d_v2x_corr_l1,0.1494019321147854,0.2283223271222031,0.6543465722247225,0.5129337220366199,3491,128
S1_lag1,1,v2x_corr,d_gini_disp_l1,0.0020652732063778483,0.0012895506055992012,1.6015449082885744,0.10935110379792312,3491,128
S1_lag1,1,v2x_corr,d_v2x_corr_l1,0.07980027696355572,0.025993261751395613,3.070037062942712,0.002157574412938734,3491,128
S2_lag1,1,gini_disp,d_gini_disp_l1,0.6349352319893998,0.03381835094303292,18.774872644114122,0.0,3444,127
S2_lag1,1,gini_disp,d_v2x_corr_l1,0.11838303242374511,0.22770821229393232,0.5198891653100894,0.6031758684270332,3444,127
S2_lag1,1,gini_disp,d_log_gdp_pc_l1,-0.33119356337161165,0.1004771233577079,-3.2962086523171226,0.0009904111424927642,3444,127
S2_lag1,1,v2x_corr,d_gini_disp_l1,0.0011742313530856807,0.0011912552163943601,0.9857093063901062,0.3243483972490855,3444,127
S2_lag1,1,v2x_corr,d_v2x_corr_l1,0.07839717682630669,0.025696128507664052,3.050933404342377,0.0022995416121442958,3444,127
S2_lag1,1,v2x_corr,d_log_gdp_pc_l1,-0.0427650983615556,0.017498159847579377,-2.4439768943744986,0.014578626678636741,3444,127
S2_lag1,1,log_gdp_pc,d_gini_disp_l1,-0.010162122969577782,0.0030538878331997817,-3.32760190439941,0.000885616685118773,3444,127
S2_lag1,1,log_gdp_pc,d_v2x_corr_l1,-0.06124553583970433,0.03523721176086878,-1.7380925668959428,0.08228823620002634,3444,127
S2_lag1,1,log_gdp_pc,d_log_gdp_pc_l1,0.3176727963164212,0.07667648189873687,4.143027802657367,3.513941898791728e-05,3444,127
S3_lag1,1,gini_disp,d_gini_disp_l1,0.6235409895218995,0.035511466170873564,17.558863565969197,0.0,3169,115
S3_lag1,1,gini_disp,d_v2x_corr_l1,0.26186985924830875,0.2770297313286556,0.9452770935175839,0.3445930257025809,3169,115
S3_lag1,1,gini_disp,d_education_years_l1,0.00989738477689486,0.06788140138602534,0.14580407261498318,0.8840857882621409,3169,115
S3_lag1,1,v2x_corr,d_gini_disp_l1,0.0027464388127935438,0.0013009760495070425,2.1110602411429533,0.03484908033081813,3169,115
S3_lag1,1,v2x_corr,d_v2x_corr_l1,0.06987665318317016,0.027676081549987325,2.5248029803988694,0.011627113550264134,3169,115
S3_lag1,1,v2x_corr,d_education_years_l1,-0.00557526572020872,0.007377466213715329,-0.7557155205731519,0.4498786948042075,3169,115
S3_lag1,1,education_years,d_gini_disp_l1,0.002204270380599983,0.0021497325865678357,1.0253695712540785,0.30527093488429013,3169,115
S3_lag1,1,education_years,d_v2x_corr_l1,0.01059125827407725,0.014381916076916091,0.736428874805973,0.46152691752053987,3169,115
S3_lag1,1,education_years,d_education_years_l1,0.7807865817737251,0.009057048484855005,86.20761863860385,0.0,3169,115
S4_lag1,1,gini_disp,d_gini_disp_l1,0.6447891165069035,0.031230886695924893,20.64587927921488,0.0,3184,122
S4_lag1,1,gini_disp,d_v2x_corr_l1,0.17024972228946628,0.25848174031484183,0.6586528010918482,0.5101688097308368,3184,122
S4_lag1,1,gini_disp,d_trade_open_l1,0.000698414068523731,0.0008903996319192495,0.7843827013026778,0.4328769222280666,3184,122
S4_lag1,1,v2x_corr,d_gini_disp_l1,0.002197808399925031,0.001475905106978824,1.4891258181387705,0.13655834677675815,3184,122
S4_lag1,1,v2x_corr,d_v2x_corr_l1,0.06557077147089797,0.027178528892364533,2.412594578999427,0.01589848013624362,3184,122
S4_lag1,1,v2x_corr,d_trade_open_l1,-7.719884997767263e-06,9.574694168753505e-05,-0.08062800609298508,0.9357431196813959,3184,122
S4_lag1,1,trade_open,d_gini_disp_l1,0.4520177970615579,0.41666220799124876,1.0848543217796507,0.27807251782044395,3184,122
S4_lag1,1,trade_open,d_v2x_corr_l1,0.7963854184586552,3.4932903938541555,0.22797572737146576,0.8196804979878423,3184,122
S4_lag1,1,trade_open,d_trade_open_l1,-0.0473855178546885,0.03281316426532324,-1.4441008331758252,0.14881403663499704,3184,122
S5_lag1,1,gini_disp,d_gini_disp_l1,0.5642516942707125,0.07970275067987068,7.079450702235514,1.7956747200287282e-12,3150,123
S5_lag1,1,gini_disp,d_v2x_corr_l1,0.38841476020815374,0.3479684471855729,1.1162355763854952,0.2644108855377356,3150,123
S5_lag1,1,gini_disp,d_gov_size_l1,-0.0007354827949162363,0.0038621556555930034,-0.1904332348312121,0.848982567182722,3150,123
S5_lag1,1,v2x_corr,d_gini_disp_l1,0.0019958936292918932,0.0013252414112861009,1.5060604145737853,0.13215715651299376,3150,123
S5_lag1,1,v2x_corr,d_v2x_corr_l1,0.06274867245643267,0.02689335183246971,2.3332410495843443,0.019701387952343552,3150,123
S5_lag1,1,v2x_corr,d_gov_size_l1,8.992689470086611e-05,0.0005481799050477611,0.16404631740930212,0.8697057546648281,3150,123
S5_lag1,1,gov_size,d_gini_disp_l1,0.039059565024926225,0.061652133997189336,0.6335476567073398,0.5264244626941199,3150,123
S5_lag1,1,gov_size,d_v2x_corr_l1,-0.9249331749880901,1.1199413109716077,-0.8258764686389345,0.4089399734885384,3150,123
S5_lag1,1,gov_size,d_gov_size_l1,-0.02591594988547137,0.030544323752780125,-0.8484702459033003,0.3962439645783853,3150,123
S6_lag1,1,gini_disp,d_gini_disp_l1,0.5543700712131372,0.0673532297740582,8.23078675028378,2.220446049250313e-16,2873,110
S6_lag1,1,gini_disp,d_v2x_corr_l1,0.5704860921274407,0.39121434377920683,1.4582443133767384,0.14488836950631168,2873,110
S6_lag1,1,gini_disp,d_log_gdp_pc_l1,-0.4420256365952755,0.16622601251687705,-2.6591845036913,0.007878812419318537,2873,110
S6_lag1,1,gini_disp,d_education_years_l1,-0.4030051160564062,0.3502964418399853,-1.1504687685080686,0.2500517230053918,2873,110
S6_lag1,1,gini_disp,d_trade_open_l1,0.001806666899792121,0.0012995102145571726,1.390267563543369,0.1645611008040424,2873,110
S6_lag1,1,gini_disp,d_gov_size_l1,-0.004535699896391278,0.0047184853062832675,-0.9612618461164671,0.33650575018569295,2873,110
S6_lag1,1,v2x_corr,d_gini_disp_l1,0.0024381955585837368,0.0011436897239420194,2.131868029888274,0.03310683754066068,2873,110
S6_lag1,1,v2x_corr,d_v2x_corr_l1,0.04573970407612227,0.0283902331586533,1.6111070247473778,0.10727212521288321,2873,110
S6_lag1,1,v2x_corr,d_log_gdp_pc_l1,-0.048826324544930536,0.02360124954129154,-2.0688025207947778,0.03865865232660104,2873,110
S6_lag1,1,v2x_corr,d_education_years_l1,-0.007265581174169877,0.006048301875490851,-1.2012596797808208,0.22975480575230445,2873,110
S6_lag1,1,v2x_corr,d_trade_open_l1,4.471290168058605e-07,8.595773083422092e-05,0.005201731274970471,0.995850018120366,2873,110
S6_lag1,1,v2x_corr,d_gov_size_l1,-7.905276346777718e-06,0.0005699227398538932,-0.013870785974962737,0.9889340835564391,2873,110
S6_lag1,1,log_gdp_pc,d_gini_disp_l1,-0.008825219268853157,0.0031023030465213886,-2.844731522521268,0.004478034377016993,2873,110
S6_lag1,1,log_gdp_pc,d_v2x_corr_l1,-0.0481152567634281,0.030271412366918115,-1.5894619048568244,0.11207206704162154,2873,110
S6_lag1,1,log_gdp_pc,d_log_gdp_pc_l1,0.23865793306216831,0.08483394685400406,2.8132362328124305,0.004939689721385809,2873,110
S6_lag1,1,log_gdp_pc,d_education_years_l1,0.015849565821426197,0.011001306801393666,1.4406984649694838,0.1497846909356486,2873,110
S6_lag1,1,log_gdp_pc,d_trade_open_l1,0.0003567789160562581,0.0002297187263402299,1.5531120241709986,0.12051241374831512,2873,110
S6_lag1,1,log_gdp_pc,d_gov_size_l1,0.000915641826637755,0.001160663067178913,0.7888954620252523,0.4302416861931908,2873,110
S6_lag1,1,education_years,d_gini_disp_l1,-0.013853751661139745,0.012953792751663853,-1.0694745490165647,0.2849505443844236,2873,110
S6_lag1,1,education_years,d_v2x_corr_l1,0.05397369061381548,0.04929629587637115,1.094883289997582,0.2736644627342695,2873,110
S6_lag1,1,education_years,d_log_gdp_pc_l1,-0.02859262100362494,0.025952101636923342,-1.1017458779887328,0.2706693952034198,2873,110
S6_lag1,1,education_years,d_education_years_l1,0.6853613616667267,0.07600255285501303,9.017609750216714,0.0,2873,110
S6_lag1,1,education_years,d_trade_open_l1,7.197178910595702e-05,0.00020243690430208735,0.3555270189202103,0.7222223044814278,2873,110
S6_lag1,1,education_years,d_gov_size_l1,-0.00041096116246669846,0.0005890856402194822,-0.6976254968862967,0.4854709055134492,2873,110
S6_lag1,1,trade_open,d_gini_disp_l1,0.20608380583348612,0.4190718925048667,0.49176241480116173,0.6229268894600408,2873,110
S6_lag1,1,trade_open,d_v2x_corr_l1,2.608565919425111,4.444280643474433,0.5869489640028215,0.5572865708972827,2873,110
S6_lag1,1,trade_open,d_log_gdp_pc_l1,-9.105037710176667,8.741614545577034,-1.041573917804865,0.29770159711753186,2873,110
S6_lag1,1,trade_open,d_education_years_l1,2.162114878073932,3.5829239777062765,0.6034498335792431,0.5462596667199633,2873,110
S6_lag1,1,trade_open,d_trade_open_l1,-0.030785671194761367,0.039640526317355776,-0.7766211515027868,0.43744967411883984,2873,110
S6_lag1,1,trade_open,d_gov_size_l1,-0.29682459594750765,0.15911574972892645,-1.865463327503314,0.062223794009984124,2873,110
S6_lag1,1,gov_size,d_gini_disp_l1,0.05783414960007614,0.06158212194358858,0.9391386294394709,0.3477427461316034,2873,110
S6_lag1,1,gov_size,d_v2x_corr_l1,0.09314949437977173,1.0494611292829983,0.0887593563788421,0.9292796766421929,2873,110
S6_lag1,1,gov_size,d_log_gdp_pc_l1,1.094601965380425,0.8700883239203876,1.2580354606397182,0.20848663879826068,2873,110
S6_lag1,1,gov_size,d_education_years_l1,0.011903974525484678,0.26719854060774034,0.044551046193625196,0.9644684252045916,2873,110
S6_lag1,1,gov_size,d_trade_open_l1,-0.00564635526724036,0.004416558918511605,-1.278451249359354,0.20119915913797337,2873,110
S6_lag1,1,gov_size,d_gov_size_l1,-0.01159026517878629,0.034078890705582045,-0.34010101088436634,0.7338066543692383,2873,110
S1_lag2,2,gini_disp,d_gini_disp_l1,0.6046761044302449,0.0405310297359883,14.918843867747604,0.0,3363,128
S1_lag2,2,gini_disp,d_gini_disp_l2,0.026816400778894835,0.030782640557180916,0.8711533609042241,0.3837357302965334,3363,128
S1_lag2,2,gini_disp,d_v2x_corr_l1,0.054891618370171424,0.18148673484763272,0.3024552643820261,0.7623246762640454,3363,128
S1_lag2,2,gini_disp,d_v2x_corr_l2,0.18746359914708494,0.15648952072140565,1.1979306875175473,0.23103266532307876,3363,128
S1_lag2,2,v2x_corr,d_gini_disp_l1,0.0014925538328726415,0.0019034137080928813,0.7841457831929248,0.43301257646884883,3363,128
S1_lag2,2,v2x_corr,d_gini_disp_l2,-0.0004975760487561638,0.001813587132194287,-0.27436015613660586,0.7838255578341218,3363,128
S1_lag2,2,v2x_corr,d_v2x_corr_l1,0.05920139012316502,0.025465311682332653,2.3247856088185173,0.02014564923428752,3363,128
S1_lag2,2,v2x_corr,d_v2x_corr_l2,-0.017145176836568205,0.017488808531007285,-0.9803513376094302,0.3269867854879649,3363,128
S2_lag2,2,gini_disp,d_gini_disp_l1,0.6038150089901899,0.0414745164603625,14.55869918501064,0.0,3317,127
S2_lag2,2,gini_disp,d_gini_disp_l2,0.018713218622657145,0.03190087903141783,0.58660510903876,0.5575109182971476,3317,127
S2_lag2,2,gini_disp,d_v2x_corr_l1,0.014788227320988402,0.18109165827046864,0.08166156002007288,0.9349210267626786,3317,127
S2_lag2,2,gini_disp,d_v2x_corr_l2,0.14837036382454813,0.15538054078467328,0.9548838166946537,0.3397096098366523,3317,127
S2_lag2,2,gini_disp,d_log_gdp_pc_l1,-0.19861219976938146,0.08202426026243888,-2.4213836142370107,0.015517602553963616,3317,127
S2_lag2,2,gini_disp,d_log_gdp_pc_l2,-0.2800073825573613,0.08882302801091516,-3.152418790799973,0.0016344318146657155,3317,127
S2_lag2,2,v2x_corr,d_gini_disp_l1,0.000976148092277461,0.001938236769006999,0.5036268570931935,0.6145587771505294,3317,127
S2_lag2,2,v2x_corr,d_gini_disp_l2,-0.0012650056887799968,0.0018091461773621152,-0.6992280140814712,0.4844610898527941,3317,127
S2_lag2,2,v2x_corr,d_v2x_corr_l1,0.05711324457803774,0.025432740790037697,2.2456582658369904,0.02479486183535662,3317,127
S2_lag2,2,v2x_corr,d_v2x_corr_l2,-0.02086862225961401,0.01684398515322632,-1.2389361585026575,0.21546130352259363,3317,127
S2_lag2,2,v2x_corr,d_log_gdp_pc_l1,-0.02373583040314458,0.022097948461576256,-1.074119185516984,0.28285140760446636,3317,127
S2_lag2,2,v2x_corr,d_log_gdp_pc_l2,-0.030439236529528898,0.01493833927807769,-2.0376586689391294,0.04166734555420937,3317,127
S2_lag2,2,log_gdp_pc,d_gini_disp_l1,-0.006702848109592693,0.002707193750019389,-2.4759395627094243,0.01334071112024171,3317,127
S2_lag2,2,log_gdp_pc,d_gini_disp_l2,0.0004905461732987769,0.0020255546070322484,0.2421786959461454,0.8086574423343149,3317,127
S2_lag2,2,log_gdp_pc,d_v2x_corr_l1,-0.008671096172286268,0.030007682319986656,-0.2889625423190672,0.7726290268022007,3317,127
S2_lag2,2,log_gdp_pc,d_v2x_corr_l2,-0.04688367804341598,0.028881995741339667,-1.62328387772421,0.10462863681194556,3317,127
S2_lag2,2,log_gdp_pc,d_log_gdp_pc_l1,0.23602142326115416,0.07047867808515479,3.3488344230291163,0.0008210498909591024,3317,127
S2_lag2,2,log_gdp_pc,d_log_gdp_pc_l2,0.09597215114607517,0.037255822454093375,2.576030934878221,0.010039264392029734,3317,127
S3_lag2,2,gini_disp,d_gini_disp_l1,0.5897518668863186,0.041143922880508395,14.333875469266662,0.0,3054,115
S3_lag2,2,gini_disp,d_gini_disp_l2,0.025708784033057507,0.031154944919111416,0.8251911245488011,0.4093308702917742,3054,115
S3_lag2,2,gini_disp,d_v2x_corr_l1,0.14325505572088187,0.21804824299866465,0.6569878929121166,0.5112407629127576,3054,115
S3_lag2,2,gini_disp,d_v2x_corr_l2,0.3292424326539906,0.1793235845296995,1.8360241544215934,0.06645626372680291,3054,115
S3_lag2,2,gini_disp,d_education_years_l1,0.060500111289208534,0.10995447803157857,0.550228716213205,0.5822048275372089,3054,115
S3_lag2,2,gini_disp,d_education_years_l2,-0.06152726164098768,0.15220289731883802,-0.40424500929242496,0.6860623272708246,3054,115
S3_lag2,2,v2x_corr,d_gini_disp_l1,0.0035840351307354417,0.001530583643783838,2.3416133742780345,0.01926785648135887,3054,115
S3_lag2,2,v2x_corr,d_gini_disp_l2,-0.0019061121677687995,0.0014868122244536802,-1.2820127090824724,0.19994052458456513,3054,115
S3_lag2,2,v2x_corr,d_v2x_corr_l1,0.045145891425613385,0.02703763318704068,1.6697427290807434,0.09507805178373152,3054,115
S3_lag2,2,v2x_corr,d_v2x_corr_l2,-0.03289032259536046,0.018363353921470697,-1.7910847188380237,0.07338380811057599,3054,115
S3_lag2,2,v2x_corr,d_education_years_l1,-0.001200966563292221,0.00778173757617202,-0.15433141397232755,0.8773591535756979,3054,115
S3_lag2,2,v2x_corr,d_education_years_l2,-0.007803116112898505,0.006990803800280879,-1.116197269416285,0.2644300519258038,3054,115
S3_lag2,2,education_years,d_gini_disp_l1,0.0023113300012569163,0.0026082480911183282,0.8861618682392657,0.37560368313087,3054,115
S3_lag2,2,education_years,d_gini_disp_l2,-0.00013689560202783752,0.003083231515528711,-0.04440003980835112,0.964588582557274,3054,115
S3_lag2,2,education_years,d_v2x_corr_l1,0.007383798740592636,0.014940964465667334,0.4941982666219293,0.6212035429004739,3054,115
S3_lag2,2,education_years,d_v2x_corr_l2,-0.009457889759580406,0.019255683952633853,-0.4911739194954291,0.6233405600464581,3054,115
S3_lag2,2,education_years,d_education_years_l1,0.8637850275214446,0.005224860555112523,165.32212073607045,0.0,3054,115
S3_lag2,2,education_years,d_education_years_l2,-0.11424177642683797,0.007117634601605262,-16.050525605946767,0.0,3054,115
S4_lag2,2,gini_disp,d_gini_disp_l1,0.6279789920092537,0.03919811059291247,16.020644426744397,0.0,3062,121
S4_lag2,2,gini_disp,d_gini_disp_l2,0.004811267326595915,0.03260641667137638,0.1475558438416049,0.8827035414664361,3062,121
S4_lag2,2,gini_disp,d_v2x_corr_l1,0.04254491144895399,0.19781320563281213,0.21507619429578104,0.8297230059486369,3062,121
S4_lag2,2,gini_disp,d_v2x_corr_l2,0.18229210277508504,0.1763817426633054,1.0335089109708022,0.30145180223689505,3062,121
S4_lag2,2,gini_disp,d_trade_open_l1,0.0009710056260978082,0.001032181763015521,0.9407312363871004,0.34692079708048595,3062,121
S4_lag2,2,gini_disp,d_trade_open_l2,0.00026622077201835496,0.00043244721364092925,0.6156144926381792,0.5381971931855409,3062,121
S4_lag2,2,v2x_corr,d_gini_disp_l1,0.0017016514860873847,0.002104540316502417,0.8085620754062806,0.4188332741868446,3062,121
S4_lag2,2,v2x_corr,d_gini_disp_l2,-0.0008485031053641178,0.001989770650807571,-0.4264326167539677,0.6698242240567036,3062,121
S4_lag2,2,v2x_corr,d_v2x_corr_l1,0.0522127217780397,0.02690946413932733,1.9403107214510624,0.052438551988913895,3062,121
S4_lag2,2,v2x_corr,d_v2x_corr_l2,-0.01297496138967656,0.019245006042218522,-0.6741988732668038,0.500238511067344,3062,121
S4_lag2,2,v2x_corr,d_trade_open_l1,2.1072218439046705e-05,8.880488098438595e-05,0.23728671448534133,0.8124510944825858,3062,121
S4_lag2,2,v2x_corr,d_trade_open_l2,8.936518259249234e-05,6.67586469726266e-05,1.3386308237962825,0.18079559894650132,3062,121
S4_lag2,2,trade_open,d_gini_disp_l1,0.09939987866508655,0.6570871111758758,0.15127351758156948,0.8797704586738493,3062,121
S4_lag2,2,trade_open,d_gini_disp_l2,0.15401924549536636,0.36001263795905686,0.42781621880974774,0.6688166286793351,3062,121
S4_lag2,2,trade_open,d_v2x_corr_l1,-3.760541901396272,3.681467260051464,-1.021479110300088,0.3071125284860099,3062,121
S4_lag2,2,trade_open,d_v2x_corr_l2,-0.9325541047958181,5.974103859164781,-0.1560994128626005,0.8759655036992211,3062,121
S4_lag2,2,trade_open,d_trade_open_l1,-0.049254888816176075,0.03805748731034513,-1.2942233525434865,0.19569112117996923,3062,121
S4_lag2,2,trade_open,d_trade_open_l2,-0.1244531895646965,0.03199041517943426,-3.890327426719487,0.00010235419175597116,3062,121
S5_lag2,2,gini_disp,d_gini_disp_l1,0.5063918446604141,0.09768177508953144,5.184097485905374,2.321322409848392e-07,3027,122
S5_lag2,2,gini_disp,d_gini_disp_l2,0.06772068815029401,0.045252448583480216,1.49650881377977,0.13463106925740753,3027,122
S5_lag2,2,gini_disp,d_v2x_corr_l1,0.2350915462580328,0.2735475809065028,0.859417383546104,0.3901820590665448,3027,122
S5_lag2,2,gini_disp,d_v2x_corr_l2,0.351605390292142,0.2620732844537161,1.341630036899995,0.17982212397053687,3027,122
S5_lag2,2,gini_disp,d_gov_size_l1,0.0013604146271889504,0.0032636715542178206,0.41683564188032723,0.6768298041027332,3027,122
S5_lag2,2,gini_disp,d_gov_size_l2,-0.005058476731349881,0.0046474670126448415,-1.08843736116615,0.2764934653017008,3027,122
S5_lag2,2,v2x_corr,d_gini_disp_l1,0.001185958091380842,0.0015999341887682516,0.7412542963994544,0.4585999134264931,3027,122
S5_lag2,2,v2x_corr,d_gini_disp_l2,-0.0001955002975538781,0.001567902334167426,-0.12468907870954282,0.9007784362069842,3027,122
S5_lag2,2,v2x_corr,d_v2x_corr_l1,0.04920968097554829,0.026550777936395514,1.8534176698488445,0.0639250752664915,3027,122
S5_lag2,2,v2x_corr,d_v2x_corr_l2,-0.017282958974504246,0.019546631487634733,-0.8841911705061563,0.37666708714999064,3027,122
S5_lag2,2,v2x_corr,d_gov_size_l1,0.00019493005892753725,0.0005346507411239017,0.36459326422660565,0.7154419046746769,3027,122
S5_lag2,2,v2x_corr,d_gov_size_l2,-0.00043470975378058437,0.0004711670978673762,-0.9226233235474056,0.3562810908940186,3027,122
S5_lag2,2,gov_size,d_gini_disp_l1,0.014359804190642506,0.06310384032866485,0.22755832475253618,0.8200058308158931,3027,122
S5_lag2,2,gov_size,d_gini_disp_l2,0.041050266070951726,0.07065787872343751,0.5809722399341601,0.5613047812869123,3027,122
S5_lag2,2,gov_size,d_v2x_corr_l1,-0.8354967320547886,1.1798331816323804,-0.7081481899829444,0.47891074282470947,3027,122
S5_lag2,2,gov_size,d_v2x_corr_l2,0.9160440304428211,0.9237487261014532,0.9916593166075058,0.32144734026058464,3027,122
S5_lag2,2,gov_size,d_gov_size_l1,-0.0519428580704761,0.035632452526340876,-1.4577401887248134,0.1450215799058503,3027,122
S5_lag2,2,gov_size,d_gov_size_l2,-0.10652346790882283,0.02855681436498717,-3.730229378786337,0.00019500922470294668,3027,122
S6_lag2,2,gini_disp,d_gini_disp_l1,0.5166927609742867,0.06515787711767776,7.929858734364822,3.3306690738754696e-15,2763,109
S6_lag2,2,gini_disp,d_gini_disp_l2,0.03633584054524002,0.030083177778770648,1.2078458204266507,0.22721588107860935,2763,109
S6_lag2,2,gini_disp,d_v2x_corr_l1,0.3221554020165893,0.2835887693714299,1.1359949222624075,0.2560628671633245,2763,109
S6_lag2,2,gini_disp,d_v2x_corr_l2,0.6072564979429294,0.3236499177578541,1.87627576781052,0.060728801799885934,2763,109
S6_lag2,2,gini_disp,d_log_gdp_pc_l1,-0.2739702367572301,0.11399786119570346,-2.40329278008907,0.01631745561806741,2763,109
S6_lag2,2,gini_disp,d_log_gdp_pc_l2,-0.42341187367006816,0.18363755461254833,-2.305693269350122,0.021205731982611997,2763,109
S6_lag2,2,gini_disp,d_education_years_l1,-0.6534114954215683,0.4412297786105992,-1.4808871184513295,0.13875722107515642,2763,109
S6_lag2,2,gini_disp,d_education_years_l2,0.37101123211152925,0.24173167420465336,1.5348060337240954,0.12495254564113756,2763,109
S6_lag2,2,gini_disp,d_trade_open_l1,0.0020459439918403383,0.0014513095542819671,1.4097226782556156,0.15874059352147651,2763,109
S6_lag2,2,gini_disp,d_trade_open_l2,0.0008554782828062741,0.0009176281055036508,0.932271230224291,0.3512825017946428,2763,109
S6_lag2,2,gini_disp,d_gov_size_l1,-0.0008864957449909671,0.004078575118142774,-0.21735427675404517,0.8279492310130911,2763,109
S6_lag2,2,gini_disp,d_gov_size_l2,-0.009413917539462987,0.005962588729529291,-1.5788305996758152,0.11449595795169532,2763,109
S6_lag2,2,v2x_corr,d_gini_disp_l1,0.0027329319653093447,0.0013776670399176913,1.983739093789036,0.04738942475492425,2763,109
S6_lag2,2,v2x_corr,d_gini_disp_l2,-0.0017100471988919527,0.0014161510084763236,-1.207531674698901,0.22733674174183904,2763,109
S6_lag2,2,v2x_corr,d_v2x_corr_l1,0.02726540609518444,0.029863797456005158,0.9129919306260824,0.36133101391477607,2763,109
S6_lag2,2,v2x_corr,d_v2x_corr_l2,-0.03689387471407883,0.02190103461271873,-1.6845722298732504,0.0921905550592157,2763,109
S6_lag2,2,v2x_corr,d_log_gdp_pc_l1,-0.039763298745009786,0.02834285540658702,-1.4029390537612734,0.16075382048198117,2763,109
S6_lag2,2,v2x_corr,d_log_gdp_pc_l2,-0.028821676886613072,0.016187400739598103,-1.780500609718559,0.07511022840624837,2763,109
S6_lag2,2,v2x_corr,d_education_years_l1,-0.008434590257740118,0.006837874388494778,-1.2335105587683697,0.21749628440560898,2763,109
S6_lag2,2,v2x_corr,d_education_years_l2,0.00024164976568285943,0.007374528521002745,0.03276816477075626,0.9738619680827001,2763,109
S6_lag2,2,v2x_corr,d_trade_open_l1,7.129827203428157e-06,8.649819348670307e-05,0.08242746947685317,0.9343131061957739,2763,109
S6_lag2,2,v2x_corr,d_trade_open_l2,6.212940193073797e-05,7.908929839769924e-05,0.7855601603433285,0.4321964354461987,2763,109
S6_lag2,2,v2x_corr,d_gov_size_l1,0.00019152179233675358,0.0005277518433972822,0.3629012285468786,0.7167080210367023,2763,109
S6_lag2,2,v2x_corr,d_gov_size_l2,-0.0004908710711688137,0.00047891257497424667,-1.0249701027274343,0.30547217067019905,2763,109
S6_lag2,2,log_gdp_pc,d_gini_disp_l1,-0.007090905016894784,0.002739660553505393,-2.5882421849020596,0.009700170185118484,2763,109
S6_lag2,2,log_gdp_pc,d_gini_disp_l2,-0.0005217296478099851,0.0017583358449214932,-0.2967178592854538,0.7667055035136578,2763,109
S6_lag2,2,log_gdp_pc,d_v2x_corr_l1,-0.010353003223881179,0.025749944890032257,-0.4020592381107892,0.6876733142174798,2763,109
S6_lag2,2,log_gdp_pc,d_v2x_corr_l2,-0.06306627419631262,0.04808387466831642,-1.3115888565833163,0.1897741222141509,2763,109
S6_lag2,2,log_gdp_pc,d_log_gdp_pc_l1,0.18259439392646537,0.08196406493882837,2.227737168266846,0.02598288440655283,2763,109
S6_lag2,2,log_gdp_pc,d_log_gdp_pc_l2,0.06492662941286044,0.03153431223609569,2.058920103497367,0.03960079936589911,2763,109
S6_lag2,2,log_gdp_pc,d_education_years_l1,0.016223389920819443,0.011199650560323265,1.448562152313364,0.14757988070719974,2763,109
S6_lag2,2,log_gdp_pc,d_education_years_l2,-0.004107953573980341,0.010501942844618247,-0.39116129603442606,0.6957099068307426,2763,109
S6_lag2,2,log_gdp_pc,d_trade_open_l1,0.0003785929975210913,0.00020452392016237394,1.8510939806968392,0.06426880490902298,2763,109
S6_lag2,2,log_gdp_pc,d_trade_open_l2,0.0002805678706141368,0.00010666499769869721,2.6303649432091403,0.008579392825923016,2763,109
S6_lag2,2,log_gdp_pc,d_gov_size_l1,0.000634632852825338,0.0012489330201129508,0.508140022407241,0.6113980418536356,2763,109
S6_lag2,2,log_gdp_pc,d_gov_size_l2,-8.309529333859314e-05,0.0011571546506826775,-0.0718100154457056,0.9427585978740636,2763,109
S6_lag2,2,education_years,d_gini_disp_l1,-0.02067827658660353,0.013693593853398805,-1.5100693658641773,0.131146633931587,2763,109
S6_lag2,2,education_years,d_gini_disp_l2,0.01101006091890306,0.004595657677346725,2.395753054709604,0.016656210473577016,2763,109
S6_lag2,2,education_years,d_v2x_corr_l1,0.04449126858040563,0.03856339140592195,1.1537177348352554,0.2487214252749823,2763,109
S6_lag2,2,education_years,d_v2x_corr_l2,0.009859379621923983,0.0499529894787204,0.19737316474570565,0.8435508792894009,2763,109
S6_lag2,2,education_years,d_log_gdp_pc_l1,-0.0051516237152201575,0.01977050591110989,-0.26057116284137377,0.794443762298433,2763,109
S6_lag2,2,education_years,d_log_gdp_pc_l2,-0.046761364217863366,0.030762602740520287,-1.5200717771604424,0.12861392379801706,2763,109
S6_lag2,2,education_years,d_education_years_l1,0.6560580198489327,0.10824639845588016,6.060783815512657,1.5500789540823234e-09,2763,109
S6_lag2,2,education_years,d_education_years_l2,0.028285349421043982,0.057993759796988294,0.48773091311994715,0.6257813708903293,2763,109
S6_lag2,2,education_years,d_trade_open_l1,6.460905460212529e-05,0.000198057219861325,0.3262140842296132,0.7442885095684253,2763,109
S6_lag2,2,education_years,d_trade_open_l2,2.8094782875219823e-05,0.0001928455141541867,0.14568543633717643,0.8841809557560345,2763,109
S6_lag2,2,education_years,d_gov_size_l1,-0.00036974637768593483,0.000644407156831638,-0.5737775779894654,0.5661677050455625,2763,109
S6_lag2,2,education_years,d_gov_size_l2,-0.0008650890496615289,0.000988916757973516,-0.8747844979735864,0.38177157029592124,2763,109
S6_lag2,2,trade_open,d_gini_disp_l1,0.26965984763215717,0.5659743967208143,0.47645237875517515,0.6337919633937776,2763,109
S6_lag2,2,trade_open,d_gini_disp_l2,-0.27137180344935496,0.33488167024772153,-0.8103513197620327,0.4178120816458497,2763,109
S6_lag2,2,trade_open,d_v2x_corr_l1,-4.0534808295807485,5.054057543244455,-0.8020250649893895,0.4226113912113094,2763,109
S6_lag2,2,trade_open,d_v2x_corr_l2,0.143964018859819,6.054968897255088,0.02377617809483423,0.9810329572549394,2763,109
S6_lag2,2,trade_open,d_log_gdp_pc_l1,0.8663038586257408,6.980608328940328,0.12410148482822093,0.9012444678350731,2763,109
S6_lag2,2,trade_open,d_log_gdp_pc_l2,-13.254844004568385,4.463697022851334,-2.969476632645962,0.0030102210999358725,2763,109
S6_lag2,2,trade_open,d_education_years_l1,-0.7876200133663344,4.281035821064231,-0.183978842104278,0.854044328734227,2763,109
S6_lag2,2,trade_open,d_education_years_l2,5.356533032542039,2.1596957383121063,2.4802257732510027,0.013192472179323955,2763,109
S6_lag2,2,trade_open,d_trade_open_l1,-0.039641743882752184,0.0421165954436603,-0.941238090713701,0.34666986667902555,2763,109
S6_lag2,2,trade_open,d_trade_open_l2,-0.10709549198692411,0.028204686722374618,-3.79708142271142,0.00014974219984398296,2763,109
S6_lag2,2,trade_open,d_gov_size_l1,-0.22671507142569117,0.11609058894092394,-1.952915163011721,0.05093626093525461,2763,109
S6_lag2,2,trade_open,d_gov_size_l2,-0.11908993570918922,0.18282339067375733,-0.6513933215564387,0.5148499030149452,2763,109
S6_lag2,2,gov_size,d_gini_disp_l1,0.02549825248696081,0.07313785624311712,0.34863275732614063,0.7273931193744421,2763,109
S6_lag2,2,gov_size,d_gini_disp_l2,0.1029039205807972,0.06389009014506174,1.610639777579825,0.1073790403606707,2763,109
S6_lag2,2,gov_size,d_v2x_corr_l1,0.482427357080464,1.104874155245054,0.4366355704767705,0.6624117379885561,2763,109
S6_lag2,2,gov_size,d_v2x_corr_l2,0.4694641834449953,1.007949381070218,0.4657616664703229,0.6414249252275401,2763,109
S6_lag2,2,gov_size,d_log_gdp_pc_l1,0.38393088182085355,1.09333952160925,0.35115430681199417,0.725500897764761,2763,109
S6_lag2,2,gov_size,d_log_gdp_pc_l2,2.389170167825807,1.1750971799991685,2.033168157060421,0.04213641711068683,2763,109
S6_lag2,2,gov_size,d_education_years_l1,-0.03633468430188064,0.3250913256902286,-0.11176762168210866,0.91101624527467,2763,109
S6_lag2,2,gov_size,d_education_years_l2,0.25641742416111907,0.28759875476153934,0.8915804394693083,0.3726999489976679,2763,109
S6_lag2,2,gov_size,d_trade_open_l1,-0.008590002360124768,0.004065073409027541,-2.1131235517293385,0.03468477069849252,2763,109
S6_lag2,2,gov_size,d_trade_open_l2,0.003098520175774238,0.003985749560834897,0.7773996154252074,0.43699341405536574,2763,109
S6_lag2,2,gov_size,d_gov_size_l1,-0.04545062835891204,0.04001390501196788,-1.1358708515281892,0.2561147872347953,2763,109
S6_lag2,2,gov_size,d_gov_size_l2,-0.08103480991024316,0.03027512411326326,-2.6766136319402416,0.007483500833104673,2763,109
